"state","directory_name","url","access_type","variables_included","has_ethnicity_field","black_value","additional_data_available","represented_in_db","confidence_potential","source_file_used","notes"
"AL","Alabama OMBE Certified Businesses","https://www.governor.alabama.gov/boards-offices/office-of-minority-business-enterprises/","excel_download","Business Name, Address, City State Zip, County, Phone, Certification Date, Expiration Date, MBE, WBE, MWBE, Ethnic Group, VOSB, SDVOSB, Email Address, Website, NAICS Codes","yes","Ethnic Group: B (African American)","MBE/WBE/MWBE/VOSB/SDVOSB cert flags; NAICS codes","yes","confirmed_black","Alabama/OMBE-certified-businesses.xlsx","484 rows in xlsx (includes header and category rows). al_ombe adapter filters Ethnic Group=B. 103 Black firms loaded. File has section-header rows interspersed (e.g., 'Accountants & Accounting Services')."
"CT","Connecticut DAS Certified Small Businesses (SBE/MBE)","https://data.ct.gov/resource/y4ub-e4dd.csv","api_socrata","vendor_name, dba_name, certification_type, class_description_detailed, address, city, state, zip, phone, email, naics, certification_date, expiration_date","yes","Black American","NAICS codes; multi-cert rows per firm","yes","confirmed_black","(Socrata API — no local file)","Socrata dataset y4ub-e4dd. class_description_detailed encodes race. ct_das_smbe adapter filters class_description_detailed='Black American'. ~970 Black American of 7,836 total. Adapter merged 2026-06-10."
"DE","Delaware Office of Supplier Diversity 2025","https://data.delaware.gov/resource/8dxf-6ahp.csv","api_socrata","vendor_name, dba_name, address, city, state, zip, phone, email, certification_type, ddd_baa (Black or African American), ddd_ha (Hispanic American), ddd_aapa (Asian/Asian-Pacific American), ddd_saa (Subcontinent Asian), ddd_na (Native American), ddd_f (Female), ddd_v (Veteran), ddd_sdvi (Service Disabled Veteran), ddd_id (Individual with Disability), naics, expiration_date","yes","ddd_baa=YES","multiple disadvantage-group boolean columns","yes","confirmed_black","(Socrata API — no local file)","Dataset 8dxf-6ahp (2025 refresh). Older dataset s4ev-nzhm now requires login — do not use. de_osd adapter filters ddd_baa=YES. 335 Black firms loaded. Adapter merged 2026-06-10."
"IN","Indiana IDOA Diversity Certification","https://www.in.gov/idoa/minority-and-women-business-enterprises/","excel_download","Company Name (single column in export; certification detail embedded)","pre-filtered","(export pre-filtered to Black/African American firms)","full contact/address/NAICS on IDOA portal per firm","yes","confirmed_black","Indiana/certification_list.xlsx","certification_list.xlsx has preamble ('Diversity Certified Businesses'); only Company Name column in bulk export; in_idoa adapter cross-references. 4,759 Black firms loaded. Export has duplicate rows per cert type."
"MA","Massachusetts SDO MBE/WBE Directory","https://www.sdo.mass.gov/certified-business-directory","excel_download","BusinessType_Description, Business_Name, Business_SDO_Description, Business_DBE_Description, Business_ACDBE_Description, Business_ClientID, BusinessContact_FirstName/LastName/Email, Business_AddressLine1/2, Business_City/County/State/Zip/Phone/Fax/WebsiteURL, Is_MBE/WBE/PBE/VBE/SBPP/DBE/ACDBE/LGBTE/SDVOBE/DOBE/SDVBE/SBE_Certified (+Cert/Renewal dates), Certifed_By_SDO/UCP/COB/WBENC/NMSDC/NGLCC/USBLN/VetBiz/NaVOBA/DCAMM, Certification_Summary, SDO/DBE/ACDBE_NAICS_Code, BusinessEthnicity_Description","yes","3-African American, Black","multiple NAICS codes; certification body; SDO/DBE/ACDBE distinctions","yes","confirmed_black","Massachusetts/Massachusetts MWBE_9.9.2025.xls","HTML-disguised xls (~5,433 data rows). BusinessEthnicity_Description col at index 78 encodes race: 3-African American/Black, 4-Hispanic, 5-Asian American (Pacific), 5A-Asian American (Subcontinent), 6-Native American, 7-Cape Verdean, 8-M/NPO. ma_sdo adapter filters to '3-African American, Black'. 593 loaded."
"MD","Maryland MBE Program (MDOT gob2g)","https://mbe.mdot.maryland.gov/","manual_export","Company Name, DBA Name, Owner First, Owner Last, Physical Address, City, State, Zip, Mailing Address, Phone, Fax, Email, Website, Agency, Certification Type, Expiration, Capability, County, Minority Status, Certified Since, Certification Number, Re-Evaluation Status, Commodity Codes","yes","B (African American)","certification history; multiple cert-type rows per firm","yes","confirmed_black","Maryland/Directory_2026-04-03_348.csv; Maryland/km42.xls; Maryland/km43.xls; Maryland/km74.xls","Minority Status column: B=African American. md_mbe adapter parses gob2g CSV export (preamble rows 0-4; header row 5). 26,978 data lines in export; adapter filters to Minority Status=B. km42/43/74.xls are older internal licensing files (nail/cosmetology CAT=01) — NOT MBE data; excluded from pipeline but noted here."
"NV","Nevada NUCP DBE Directory (NDOT, B2Gnow)","https://ndot.gob2g.com/FrontEnd/searchcertifieddirectory.asp","manual_export","Company Name, DBA Name, Owner First, Owner Last, Physical Address, City, State, Zip, Mailing Address, Phone, Fax, Email, Website, Agency, Certification Type, Ethnicity, Gender, Certified, Capability, County, Work Districts/Regions, Certifying Agency, Business Type, Re-Evaluation Status, Commodity Codes","yes","BLACK AMERICAN","re-evaluation status; certifying agency; business type","yes","confirmed_black","manual downloads/Nevada Directory (all ethnicities)_2026-06-11_881.csv","gob2g export is session-bound (manual capture). Full export: 699 rows (all ethnicities). Ethnicity values uppercase: CAUCASIAN, BLACK AMERICAN, HISPANIC AMERICAN, ASIAN-PACIFIC AMERICAN, SUBCONTINENT ASIAN AMERICAN, NATIVE AMERICAN, OTHER MINORITY. Export has duplicate City/State/Zip (physical+mailing) rows — adapter uses first occurrence (physical), strips leading tab from zip. Certs under USDOT IFR reevaluation. 113 Black firms loaded."
"NY","NYC MWBE (Mayor's Office of M/WBE)","https://nyc.gov/mwbe","excel_download","Account Number, Vendor Formal Name, Vendor DBA, First Name, Last Name, Telephone, Email, Business Description, Certification, Certification Renewal Date, Ethnicity, Address Line 1, Address Line 2, City, State, Zip, Mailing Address, Website, Date of Establishment, NAICS code, NAICS Sector, NAICS Title, NIGP codes","yes","Black","job experience fields (3 jobs); bonding limit; union contract flag; NIGP codes","yes","confirmed_black","New York/NYC MWBE_9.9.2025.xlsx","xlsx has 6-row preamble; header at row 6. Ethnicity values include Black, Hispanic, Asian-Pacific, Asian-Indian, Non-Minority. 11,618 matching records per export; nyc_mwbe adapter filters to Ethnicity=Black. 3,775 loaded."
"OR","Oregon COBID Certified Vendor Directory (B2Gnow)","https://oregon4biz.diversitysoftware.com/FrontEnd/searchcertifieddirectory.asp","manual_export","Company Name, DBA Name, Owner First, Owner Last, Location, Phone, Email, Website, Agency, Certification Type, Ethnicity, Gender, Capability, County, Service Disabled, Construction, General Location, Additional Firm Names, OR Cert ID, ESB Tier Level, Commodity Codes","yes","African American (Black)","ESB tier; construction flag; service-disabled flag","yes","confirmed_black","manual downloads/Oregon Directory (all ethnicities)_2026-06-11_881.csv","gob2g export is session-bound (manual capture). Full directory: 4,799 rows across all ethnicities. Ethnicity values: Caucasian (White), Hispanic, African American (Black), Asian Pacific, Native American (Indian), Subcontinent Asian (Asian Indian), Other, Unknown. or_cobid adapter reads latin-1, finds header dynamically (rows 0-5 are preamble), filters Ethnicity='African American (Black)', deduplicates firm+owner+location. 285 Black firms loaded."
"SC","South Carolina SMBCC Small & Minority Business Certification","https://advance.sc.gov/small-business-division","excel_download","Business Name, Address, City, State, Zip, County, Phone, Certification Date, Expiration Date, Class (01/02/03/04/05/06/07/08/09), NAICS Codes","yes","Class 01 (African-American Male), 02 (African-American Female), 05 (DLT Certified AA)","certification renewal; county; NAICS","yes","confirmed_black","(scraped from advance.sc.gov dated .xlsx — no local file; adapter fetches live)","sc_smbcc adapter scrapes dated .xlsx from the landing page; finds header row dynamically. Class column (not cert number) encodes race. 458 records (Class 01: 230, 02: 227, 05: 1). Business names may carry ' - New'/' - Renewal' suffix."
"TX","Texas HUB (Historically Underutilized Business)","https://mycpa.cpa.state.tx.us/tpasscmblsearch/","csv_download","VENDOR ID NUMBER, VENDOR NAME, VENDOR ADDRESS LINE 1, VENDOR ADDRESS LINE 2, CITY, STATE, ZIP CODE, FOREIGN ADDRESS, PHONE NUMBER, FAX NUMBER, GENDER, ELIGIBILITY CODE, STATUS CODE, COUNTY, BUSINESS DESCRIPTION, VENDOR NUMBER, EXPIRATION DATE, CONTACT NAME, TEXAS OFFICE FLAG, INTERNET ADDRESS, QISV FLAG, SDV FLAG, SMALL BUSINESS FLAG","yes","ELIGIBILITY CODE: BL (Black)","NAICS; SDV flag; QISV flag","yes","confirmed_black","Texas/hub_name.csv","hub_name.csv has 15,209 rows total; ELIGIBILITY CODE encodes race (BL=Black). tx_hub adapter filters to BL. 4,074 Black firms loaded."
"US","SAM.gov SBA 8(a) Program","https://api.sam.gov/prod/federalorganizations/v1/search","api_rest","ueiSAM, legalBusinessName, dbaName, physicalAddress (street/city/state/zip), primaryNaics, purposeOfRegistration, entityStructure, organizationStructure, socioEconomicIndicators (including 8a flag)","no","(none — 8a eligibility is SDB-based; race not published in API)","cage code; registration status; SAM expiration; WOSB/HUBZone/VOSB flags","yes","mbe_unverified","(REST API — no local file; requires SAM_GOV_API_KEY)","sam_8a adapter complete; loaded once SAM_GOV_API_KEY is set (done 2026-06-10). Confidence is mbe_unverified — 8(a) certifies SDBs but does not publish per-firm race. Treated as federal supplemental source, not state."
"AK","Alaska UCP DBE Directory","https://dot.alaska.gov/cvlrts/directory.shtml","pdf","Vendor Id, Vendor Name, ACDBE, Type (Woman-Owned etc.), GFE Required, Work Category, Regions, Website, Max Capacity, DBE Cert Number, Business Description, Address, Email, City, State, Zip, NAICS, Work Category Codes, Borough(s), License, Phone, Fax, DBE Contact","no","(none — Type field: Woman-Owned etc.; no race breakdown)","Borough data; work category codes; GFE requirement flag","no","mbe_unverified","Alaska/Alaska Disadvantaged Business Enterprise (DBE) Directory, Civil Rights Office, Transportation  Public Facilities, State of Alaska_9.9.2025 (CSV-formatted file; 291 rows)","Historical file (Sept 2025): CSV-formatted despite no extension; 291 rows. Type field shows Woman-Owned, not race. Per B2Gnow: per-firm only 'Minority-Owned? Yes/No', no ethnicity. mbe_unverified at best."
"AR","Arkansas AEDC Minority/Women-Owned Business Directory","https://www.arkansasedc.com/community-resources/directory","manual_export","CompanyName, BusinessDescription, Phone, Street, City, StateCode, Zip, VendorCategory, CertificationNumber, NaicsCode, AasisVendorNumber, ContactFirstName, ContactLastName, ContactTitle, ContactPhone, ContactEmail, County, BusinessDesignation, Website, OAN","no","(none — VendorCategory=Women-Owned or Minority Business Enterprise; no race breakdown)","African American Certified filter exists in the JS search UI (Vendor Ethnicity field); not exported in CSV","no","confirmed_black","manual downloads/Arkansas women_minority_owned_business.csv","1,803 rows. CSV downloaded from search UI does not contain Vendor Ethnicity — only BusinessDesignation (Minority Business Enterprise / Women-Owned) and VendorCategory. The portal has a 'Vendor Ethnicity: African American Certified' filter, but the export omits the ethnicity column. File load pending confirmation of ethnicity extraction path. Roadmap status: blocked (search-only JS app)."
"AS","American Samoa DBE Program (ASG DPW)","https://www.asg-gov.net/dpw/","none","(none — no public DBE directory)","no","(none)","(none)","no","none","(none)","Territory. No public DBE directory found. Records request only."
"AZ","Arizona UTRACS DBE Directory (ADOT)","https://utracs.azdot.gov/Search","manual_export","Firm Name, AZUTRACS Number, Email Address, Phone Number, City, State, DBE Certified (Y/N), SBC Certified (Y/N), ACDBE Certified (Y/N)","no","(none — only DBE/SBC/ACDBE boolean flags; no ethnicity column)","Ethnicity field exists in UTRACS per-firm detail but requires signed-in account + CAPTCHA to access","no","confirmed_black","manual downloads/Arizona (Dept of Transportation) - UTRACSSearchResults.xlsx","3,159 rows in manual export. Export has no ethnicity column — Ethnicity is collected at registration (required) but not surfaced in the public search results. Confidence potential is confirmed_black once authentication/scrape is resolved. Per confirmed_black-only policy, not loaded from this file."
"AZ","City of Phoenix SBE/DBE Directory","https://www.phoenix.gov/pdd/small-business","portal_search_only","(portal: firm name, SBE/DBE cert — no ethnic/gender requirement)","no","(none — SBE is explicitly no ethnic/gender requirement)","(none)","no","none","(none)","City-level (Phoenix). Primary program is SBE — explicitly no ethnic/gender requirement. Not a Black-ownership directory."
"CA","California DGS SB & DVBE Directory","https://caleprocure.ca.gov/pages/sbcertification.aspx","portal_search_only","(portal: firm name, SB/DVBE cert — size/veteran-based; voluntary diversity self-report since 2023)","no","(none — size/veteran-based; no race requirement)","(none — CA Black-owned data lives in the blocked CUCP DBE directory)","no","none","(none)","State SB/DVBE program is size/veteran-based; only voluntary self-reported diversity since 2023. Use ca_cucp_dbe instead for Black-owned data."
"CA","California UCP DBE Directory (caltrans/CUCP, B2Gnow)","https://californiaucp.dbesystem.com/FrontEnd/searchcertifieddirectory.asp","portal_search_only","(portal: firm name, address, cert type, Ethnicity, NAICS — public portal offline)","yes","Black American","ethnicity-bearing fields visible in portal when live; naics codes","no","confirmed_black","California/Black_MBE_4.2.2026 (961 rows; columns: Vendor Name, Contact, Contact Email, Primary Address, Active Certifications, Ethnicity, Gender, Industries, Account Email, Market Area, Contact Phone, Business Activity, Website; Ethnicity='Black American' for all rows)","CUCP public portal taken offline 2026-03-02 (USDOT IFR reevaluation). Historical file Black_MBE_4.2.2026: 961 rows pre-filtered to Ethnicity='Black American' — usable if loaded as a historical snapshot (vintage April 2026). caltrans.dbesystem.com mirror has NO ethnicity field. Re-probe periodically; when CUCP returns, scrape filtered to Black American."
"CA","City of Los Angeles BCA DBE/MBE/WBE Directory","https://bca.lacity.gov/CertificationListings/DBEtable.php","portal_search_only","(PHP search page: firm name, cert type — 403 to automated fetch)","no","(none confirmed)","(none publicly)","no","mbe_unverified","(none)","City-level (Los Angeles). Search-only PHP page, 403 to automated fetch, no bulk export."
"CA","Los Angeles County CBE","https://www.ajcc.lacounty.gov/businesses/office-of-small-business/certifications","portal_search_only","(WebVen portal: firm name, cert type — search-only)","no","(none)","(none publicly)","no","mbe_unverified","(none)","County-level (LA County). WebVen portal, search-only, no exposed ethnicity."
"CA","San Francisco CMD LBE Directory","https://sf.gov/departments/city-administrator/contract-monitoring-division","portal_search_only","(portal: firm name, LBE cert — race/gender-neutral by ordinance)","no","(none — LBE is race/gender-neutral post-Prop 209)","(none)","no","none","(none)","City-level (San Francisco). LBE is race/gender-neutral by ordinance (post-Prop 209). No minority designation."
"CO","Colorado UCP DBE/ACDBE Directory (B2Gnow)","https://coucp.dbesystem.com/FrontEnd/SearchCertifiedDirectory.asp","portal_search_only","(portal: firm name, address, cert type, Ethnicity — directory OFFLINE)","yes","Black","(none while offline)","no","confirmed_black","(none — no local file; directory offline)","Directory OFFLINE INDEFINITELY pending USDOT IFR reevaluation. Ethnicity field with 'Black' value confirmed when live. Re-probe periodically. Liquor/professional license CSVs in Colorado/ folder are NOT MBE data — excluded."
"CO","Denver DSBO Directory","https://denver.mwdbe.com/","portal_search_only","(B2Gnow/mwdbe.com: firm name, cert type MBE/WBE/SBE/DBE — search-only)","no","(none)","(none publicly)","no","mbe_unverified","(none)","City-level (Denver). B2Gnow/mwdbe.com, search-only."
"FL","Florida OSD Certified Business Enterprise Directory","https://osd.dms.myflorida.com/directories","manual_export","Vendor Name, Contact, Email, Address, City, State, Phone Number","pre-filtered","(export pre-filtered to African American certified — no explicit ethnicity column)","Full OSD profile has certification number, NAICS, certification date, minority subgrouping; not in bulk export","no","confirmed_black","manual downloads/Florida Directory (African American, certified)_2026-6-13 A-G Counties.xlsx; manual downloads/Florida Directory (African American, certified)_2026-6-13 H-M Counties.xlsx; manual downloads/Florida Directory (African American, certified)_2026-6-13 N-Z Counties.xlsx","3 county-range files captured 2026-06-13 (A-G: 640 rows, H-M: 679 rows, N-Z: 684 rows = 2,003 total). Pre-filtered to African American during portal export — export itself has no ethnicity column. File load pending. Roadmap status: blocked (Angular SPA; reverse-engineer or records request)."
"GA","City of Atlanta Office of Contract Compliance Directory","https://atlantaga.gob2g.com/","portal_search_only","(B2Gnow/gob2g: firm name, cert type MBE/FBE/EBO — no ethnicity, no export)","no","(none)","(none publicly)","no","mbe_unverified","(none)","City-level (Atlanta). B2Gnow/gob2g, search-only, no bulk export."
"GA","Georgia DOAS Small Business & Supplier Diversity","https://doas.ga.gov/state-purchasing/supplier-diversity","none","(none — no public roster)","no","(none)","(none — real minority certifier is private GMSDC; members-only)","no","none","(none)","Size-based program, no public roster. Real minority certifier is the private GMSDC (members-only). No public ethnicity-tagged source."
"GU","Guam DBE Program (DPW/GRTA)","https://www.guamopa.com/","none","(none — no public certified-firm directory)","no","(none)","(none)","no","none","(none)","Territory. DBE program exists but no public certified-firm directory found. Records request only."
"HI","Hawaii DOT DBE/ACDBE Directory","https://hdot.dbesystem.com/","portal_search_only","(portal: form not reachable — 404s)","no","(none confirmed)","(none — portal unreachable)","no","mbe_unverified","(none)","B2Gnow, public search form not reachable (404s). Under USDOT IFR reevaluation."
"IA","Iowa Department of Management Targeted Small Business","https://dom.iowa.gov/tsb","portal_search_only","(portal: firm name, cert type — race/gender umbrella)","no","(none confirmed — TSB is race/gender umbrella)","(none publicly)","no","mbe_unverified","(none)","Not in roadmap. TSB program is gender/minority umbrella; no confirmed per-firm race in public directory."
"ID","Idaho ITD DBE Directory (B2Gnow)","https://itd.dbesystem.com/FrontEnd/searchcertifieddirectory.asp","manual_export","Company Name, DBA Name, Owner First, Owner Last, Physical Address, City, State, Zip, Mailing Address, Phone, Fax, Email, Website, Agency, Certification Type","no","(none — no ethnicity column in export)","(none beyond directory fields)","no","mbe_unverified","manual downloads/Idaho Directory (no ethnicities available to select)_2026-06-11_943.csv","42 firms in manual export (2026-06-12). No ethnicity column. Per confirmed_black-only policy, not loaded."
"IL","City of Chicago M/WBE Certified Directory","https://chicago.mwdbe.com/","portal_search_only","(B2Gnow/mwdbe.com: firm name, cert type — no ethnicity, no export)","no","(none)","(none publicly)","no","mbe_unverified","(none)","City-level (Chicago). B2Gnow/mwdbe.com, search-only. Chicago Socrata has only payment data, not certified directory."
"IL","Cook County M/W/VBE Directory","https://cookcounty.diversitycompliance.com/FrontEnd/searchcertifieddirectory.asp","portal_search_only","(B2Gnow/diversitycompliance: firm name, cert type — per-search Excel only, no programmatic bulk)","no","(none)","(none publicly — per-search Excel export available manually)","no","mbe_unverified","(none)","County-level (Cook County). Per-search Excel only, no programmatic bulk endpoint."
"IL","Illinois BEP Certified Firms Directory (SDMP)","https://supplierdiversitymanagementportal.illinois.gov/VendorDirectory.aspx","portal_search_only","(portal: firm name, cert type — no ethnicity or export)","no","(none)","(none publicly)","no","mbe_unverified","(none)","Search-only (name/FEIN/NIGP), no ethnicity filter or column, no export. Migrated off decommissioned diversitysoftware.com in 2024."
"KS","Kansas Certification for Historically Underutilized Businesses (HUB)","https://www.da.ks.gov/purch/hub","portal_search_only","(portal: firm name, cert type — no confirmed ethnicity field)","no","(none confirmed)","(none publicly)","no","mbe_unverified","(none)","Not in roadmap. HUB certification; no confirmed public bulk export with race breakdown."
"KY","Kentucky MWBE Certified Listing","https://finance.ky.gov/office-of-the-secretary (dated .xlsx)","excel_download","Business Name, Address, City, State, Zip, Phone, Email, Type (MBE/WBE/MWBE), Expiration Date, NAICS","no","(none — Type field: MBE, WBE, MWBE — no race breakdown)","(none confirmed)","no","mbe_unverified","(none — no local file; verified by parsing live .xlsx)","~500 records. URL date-stamped (changes each refresh). No ethnicity column confirmed by parsing live file."
"LA","Louisiana Hudson Initiative (LED)","https://www.opportunitylouisiana.gov/business-resources/hudson-initiative","excel_download","(Excel export exists — business name, address, cert type; no race breakdown)","no","(none — program is RACE/GENDER-NEUTRAL)","(none — MBE cert is privatized to SRMSDC)","no","none","(none)","State program is RACE/GENDER-NEUTRAL — Excel export exists but cannot identify Black firms. MBE cert is privatized to SRMSDC. No usable public state source."
"MA","City of Boston Certified Business Directory (Analyze Boston)","https://data.boston.gov/dataset/certified-business-directory","csv_download","business_name, address, city, state, zip, mbe_wbe_cert (combined flag), certification_type, naics","no","(none — combined MBE/WBE flag)","(none confirmed)","no","mbe_unverified","(none — Analyze Boston open data)","City-level (Boston). ~400 records. Overlaps existing ma_sdo geography — deduplicate carefully before loading. mbe_unverified only."
"ME","Maine DOT DBE Directory","https://www.maine.gov/dot/doing-business/civil-rights/dbe","pdf","(PDF: firm name, address, cert type — per-firm race not confirmed)","no","(none confirmed)","(none publicly)","no","mbe_unverified","(none)","No state MBE program; only a MaineDOT DBE PDF. PDF extraction needed + confirmation that ownership race is printed per firm."
"MI","Detroit Business Certification Register (CRIO/DBOP)","https://data.detroitmi.gov/datasets/detroit-business-certification-register","api_rest","business_name, address, city, state, zip, minority_owned_business_enterpr (boolean), woman_owned_business_enterprise (boolean), certification_type, naics","no","(none — only boolean minority flag)","(none confirmed)","no","mbe_unverified","(none — ArcGIS open data API)","City-level (Detroit). minority_owned_business_enterpr is a boolean — no race breakdown."
"MN","Minnesota CERT Diverse Business Directory (DEED)","https://mn.gov/deed/business/financing-business/deed-programs/cert/","portal_search_only","(portal: firm name, cert type — search-only)","no","(none confirmed — CERT is race/gender umbrella; no per-firm race in public directory)","(none publicly)","no","mbe_unverified","(none)","Not in roadmap. DEED CERT program certifies MBE/WBE but public directory search does not expose race breakdown."
"MO","Missouri Office of Equal Opportunity MBE/WBE","https://oeo.mo.gov/minority-business-enterprise/","portal_search_only","(portal: firm name, cert type — no confirmed bulk export or ethnicity field)","no","(none confirmed)","(none publicly)","no","mbe_unverified","(none)","Not in roadmap. Race-based MBE certification but no confirmed public bulk export with ethnicity field."
"MP","CNMI DBE Program (Commonwealth Ports Authority)","https://www.cpa.gov.mp/","none","(none — eligibility/contact only; no published directory)","no","(none)","(none)","no","none","(none)","Territory (CNMI). CPA DBE page describes eligibility/contact only; no published directory. Records request only."
"MS","Mississippi Certified Minority Business Directory (MDA/MMBR)","https://minority.mississippi.org/DirectorySearch.aspx","portal_search_only","Business Name, Contact Name, Email Address, Minority Owned (yes/no), Woman Owned (yes/no), Business Phone, Physical Address, Mail Address, Date Established, Twitter, Facebook, Linkedin, Web Site, NAICS Code, Certifications","no","(none — Minority Owned is boolean yes/no; no race breakdown)","social media links; certifications text","no","mbe_unverified","manual downloads/Mississippi (no ethnicities to select)_MMBR_Search_Results_20260613.csv; manual downloads/Mississippi (women-owned)_MMBR_Search_Results_20260613.csv","132 rows (minority-owned file) + 120 rows (women-owned file). ASP.NET portal returning 503 (migrating to Power Apps MMBR). Minority Owned is boolean — no race breakdown. Per confirmed_black-only policy, not loaded."
"MT","Montana MDT DBE/SBE Directory","https://app.mdt.mt.gov/ess-dbe/","portal_search_only","(portal: firm name, cert type — no ethnicity, no export)","no","(none)","(none publicly)","no","mbe_unverified","(none)","Search-only, no ethnicity field, no export."
"NC","Charlotte Business INClusion Certified Vendors","https://www.charlottenc.gov/Growth-and-Development/CBI/CBI-Certified-Vendors","portal_search_only","(InclusionCLT SDMS: firm name, cert type — search-only)","no","(none)","(none publicly)","no","mbe_unverified","(none)","City-level (Charlotte). InclusionCLT SDMS portal, search-only."
"NC","North Carolina HUB Directory (eVP portal)","https://vendor.ncgov.com/vendor/public-vendor-search","manual_export","Name, MainContactName, MainContactEmail, MainContactPhone, AddressLine1, City, State, ZipCode, County, Country, URL, EvpStatus, NCeProcurement, HUB, HUBCategory, HUBCertStartDate, HUBCertEndDate, NCSBE, NCSBECertStartDate, NCSBECertEndDate, SmallBusiness, DBE, NPWC, GeneralContractor (+License), ElectricalContractor (+License), PlumbingFireSprinkler (+License), MechanicalHeating (+License), TradesSubContractor, ArchitecturalServices, EngineeringServices","yes","HUBCategory: Black","contractor license numbers; NCSBE/DBE cert dates; general contractor limitation and work classification","no","confirmed_black","manual downloads/North Carolina Vendor Details_2026-06-13.csv","72,218 rows (full vendor portal export). HUBCategory values: Black, Hispanic, Asian American, American Indian, Female, Disabled, Disadvantaged. 6,876 firms with any HUBCategory; subset with HUBCategory=Black is the target. File load pending. Roadmap status: blocked (eVP Salesforce portal, no public bulk export) — but manual export obtained."
"ND","North Dakota DBE Program (NDDOT)","https://www.dot.nd.gov/business/dbe.htm","portal_search_only","(portal: no confirmed public directory)","no","(none confirmed)","(none)","no","none","(none)","Not in roadmap. No confirmed public DBE/MBE directory with ethnicity data found."
"NE","Nebraska Disadvantaged Business Enterprise / MBE","https://dot.nebraska.gov/business-center/civil-rights/dbe/","portal_search_only","(portal: firm name, DBE cert — no confirmed ethnicity field)","no","(none confirmed)","(none publicly)","no","mbe_unverified","(none)","Not in roadmap. DBE-only state (no separate MBE program); no confirmed ethnicity field in public directory."
"NH","New Hampshire DOT Unified DBE Directory","https://www.dot.nh.gov/document/disadvantaged-business-enterprise-directory","pdf","(PDF: firm name, address, cert type — per-firm race not confirmed)","no","(none confirmed)","(none publicly)","no","mbe_unverified","(none)","NH explicitly has no state MBE program; only a monthly NHDOT DBE PDF. PDF extraction + confirm per-firm race needed."
"NJ","New Jersey SAVI MWBE","https://data.nj.gov/resource/tfhb-8beb.csv","api_socrata","business_name, dba, certification_type, address, city, state, zip, county, phone, email, naics, expiration_date","no","(none — certification_type field only: SBE, MBE, MWBE, WBE, DVOB, VOB, SEDB, LBE)","commodity codes; minority/women flags","no","mbe_unverified","(Socrata API; also: New Jersey/New Jersey MWBE_9.9.2025 — HTML file with 13,770 data rows; columns: Designation, Status, Gross Sale Revenue, Contact First/Last Name, Business Name, Alt Business Name, Address 1/2/City/State/Zip, E-MAIL, Primary Phone, FAX, Major Field of Operation, Website, Commodity/Construction Craft Codes)","Socrata dataset tfhb-8beb. ~9,719 records. Filter to certification_type IN (MBE, MWBE) for minority subset — ethnicity unknown within that subset. Historical file (New Jersey MWBE_9.9.2025) is HTML with Designation field (SBE/MBE/WBE/MWBE) but no race breakdown."
"NM","New Mexico NMDOT DBE Directory (B2Gnow)","https://nmdot.gob2g.com/FrontEnd/searchcertifieddirectory.asp","portal_search_only","(portal: ~401 firms; no ethnicity field; no download button)","no","(none)","(none publicly)","no","mbe_unverified","(none)","Verified 2026-06-12: no ethnicity field and no working download button. Per confirmed_black-only policy, not loaded."
"NY","Baltimore City MBE/WBE Certification Data (MWBOO)","https://data.baltimorecity.gov/datasets/baltimore::minority-and-womens-business-enterprises-mbe-wbe-certification-data/about","api_rest","(unconfirmed — application captures African American/Hispanic/Asian/Native American; Socrata mirror 404s)","yes","African American (unconfirmed — field never published)","(unknown — ArcGIS Hub SPA; feature-service URL not exposed)","no","confirmed_black","(none)","BLOCKED. Socrata mirror (us2p-bijb) now 404s; data.baltimorecity.gov is an ArcGIS Hub SPA. Ethnicity column was never confirmed published. Overlaps state md_mbe geography. Needs ArcGIS Hub reverse-engineering + column verification."
"NY","New York State MWBE Directory (ESD NYS Contract System)","https://ny.newnycontracts.com/FrontEnd/searchcertifieddirectory.asp","portal_search_only","(portal: company name, address, cert type, NAICS — no bulk export confirmed)","yes","(race-based MBE; specific value not enumerable from portal without scrape)","(per-firm detail pages show full cert history)","no","confirmed_black","New York/New York State_MWBE/Directory_2025-09-09_220.csv","Historical file (Directory_2025-09-09_220.csv): 11,739 data lines; columns: Company Name, DBA Name, Owner First/Last, Physical Address/City/State/Zip, Mailing Address, Phone, Fax, Email, Website, Agency, Certification Type, Certified, Capability, Work Districts/Regions, Industry, Business Size, General Location, Location, Commodity Codes. No ethnicity column in export. Portal-only — data.ny.gov has only MWBE statistics, not firm records. Scrape or records request to ESD needed."
"NY","New York State UCP Certified DBEs","https://data.ny.gov/resource/pfeu-dsx6.csv","api_socrata","firm_name, address, city, state, zip, phone, email, certification_type, naics, expiration_date","no","(none)","(none beyond directory fields)","no","mbe_unverified","manual downloads/New York Directory(no ethnicities to select)_2026-06-12_360.csv","Socrata dataset pfeu-dsx6; ~2,262 records. Manual export (2026-06-12): 11,920 rows; gob2g preamble (rows 0-5); header: Company Name, DBA Name, Owner First/Last, Physical Address/City/State/Zip, Mailing Address/City/State/Zip, Phone, Fax, Email, Website, Agency, Certification Type, Certified, Capability, Work Districts/Regions, Industry, Business Size, General Location, Location, Commodity Codes. No ethnicity column confirmed. Separate from nyc_mwbe (already loaded)."
"OH","City of Columbus ODI Certifications","https://www.columbus.gov/.../Business-Certifications","portal_search_only","(portal: firm name, MBE/WBE cert — no open-data directory)","yes","(race/gender-based MBE/WBE — specific value unconfirmed)","(none publicly)","no","confirmed_black","(none)","City-level (Columbus). Race/gender-based MBE/WBE but no open-data directory; department/portal access only."
"OH","Ohio DAS MBE Certified Vendor Search","https://eodreporting.oit.ohio.gov/mbe-certification","portal_search_only","Company Name, Certificate Type, Expiration Date, Address, City, State, Zip, County, Region, Phone, Fax, Procurement Type, Business Type, Issuing Agency, License Type, License Number, Website, Email","no","(none — Certificate Type: MBE/WBE/SBE — no race breakdown in export)","Procurement Type; Issuing Agency; License Type/Number","no","mbe_unverified","manual downloads/Ohio Directory (no ethnicities to select)_2026-06-13.csv","4,366 rows in manual export. Certificate Type field has no race breakdown. MBE is race-eligibility-based in OH law but race not published in the export. Per confirmed_black-only policy, not loaded."
"OK","Oklahoma ODOT DBE Directory","https://biappsrv.odot.ok.gov/apex/f?p=145:1","portal_search_only","(portal: ~83 firms; no ethnicity field; no download button)","no","(none)","(none publicly)","no","mbe_unverified","(none)","Verified 2026-06-12: no ethnicity field and no working download button. Per confirmed_black-only policy, not loaded."
"PA","Pennsylvania Small Diverse Business Supplier Search (DGS/BDISBO)","https://www.dgs.internet.state.pa.us/suppliersearch","portal_search_only","(portal: firm name, SDB flag — no race breakdown)","no","(none — umbrella 'Small Diverse Business' flag; no race breakdown)","(none publicly)","no","mbe_unverified","(none)","Search-only, no export. Double-blocked: no ethnicity field AND no export."
"PA","Philadelphia OEO Registry of Certified M/W/DSBE","https://phl.carto.com/api/v2/sql?q=SELECT+*+FROM+oeo_registry&format=csv","csv_download","business_name, certification_type, address, city, state, zip, phone, email, naics, expiration_date","no","(none — certification_type: MWBE, WBE)","(none confirmed)","no","mbe_unverified","(none — Carto API endpoint)","City-level (Philadelphia). No ethnicity breakdown in API. mbe_unverified only."
"PR","Puerto Rico ACT/DTOP DBE Directory","https://act.dtop.pr.gov/civil-rights/disadvantaged-business-enterprise/","pdf","(PDF — per-firm ethnicity not confirmed)","no","(none confirmed)","(none)","no","mbe_unverified","(none)","Territory. Periodic PDF behind a JS/redirect challenge; DBE has no ethnicity column. mbe_unverified at best."
"RI","Rhode Island MBE/WBE Directory (DEDI/MBECO)","https://www.mbe.ri.gov/","portal_search_only","CompanyName, Title, First, Middle, Last, MailingAddress, MailingAddress2, MailCity, MailState, MailZip, EmailAddress, TelephoneNum, FaxNumber, MinorityStatus, Products, TDC_Code, MBE_Cert, DBE_Cert, WBE_Cert, Primary_NAICS, Other_NAICS","yes","MinorityStatus: B (Black); B/W (Black/Woman); B/I/W etc.","TDC code; products field; multiple NAICS","no","confirmed_black","manual downloads/Rhode Island mbewbe-directory.xls","Historical file (mbewbe-directory.xls): 630 rows; TSV-formatted despite .xls extension. MinorityStatus codes: B, W, A, H, I, P (Pacific), and combinations. B = Black. JS portal is search-only; no current export confirmed. Scrape or records request to dedi.mbeco@doa.ri.gov. File load pending ethnicity parsing."
"SD","South Dakota DBE Directory (SDDOT)","https://sd.gob2g.com/FrontEnd/searchcertifieddirectory.asp","portal_search_only","(B2Gnow: firm name, cert type — all-inactive per USDOT IFR reevaluation)","no","(none confirmed — directory all-inactive mid-2026)","(none)","no","mbe_unverified","(none)","Not in roadmap. SD DBE directory all-inactive pending USDOT IFR reevaluation (per cross-cutting risk note in roadmap meta)."
"TN","City of Memphis M/WBE Directory","https://memphis.mwsbe.com/","portal_search_only","(B2Gnow/mwsbe.com: firm name, cert type — search-only)","no","(none)","(none publicly)","no","mbe_unverified","(none)","City-level (Memphis). B2Gnow/mwsbe.com, search-only."
"TN","Tennessee Go-DBE Diversity Business Enterprise Directory (B2Gnow)","https://tn.dbesystem.com/FrontEnd/searchcertifieddirectory.asp","manual_export","Company Name, DBA Name, Owner First, Owner Last, Physical Address, City, State, Zip, Mailing Address, Phone, Fax, Email, Website, Agency, Certification Type, Expiration, Capability, Business Activity, Business Category, Commodity Codes","no","(none — Certification Type: MBE/WBE/SBE/SDVBE/DSBE; no per-firm ethnicity column)","Business Activity; Business Category; Commodity Codes","no","mbe_unverified","manual downloads/Tennessee Directory (no ethnicities available to select)_2026-06-11_943.csv","1,715 data rows in manual export (2026-06-11). Export labels itself '(no ethnicities available to select)'. Certification Type: MBE 618/WBE 656/SBE/SDVBE/DSBE — cannot identify Black firms. Per confirmed_black-only policy (DECISIONS.md 2026-06-12), not loaded."
"TX","City of Dallas M/WBE Program","https://dallascityhall.com/departments/procurement/Pages/mwbe_certification.aspx","portal_search_only","(no city directory — accepts third-party certs)","no","(none)","(none — city accepts NCTRCA/DFW MSDC/WBC-SW certs; no city directory)","no","mbe_unverified","(none)","City-level (Dallas). City accepts third-party certs (NCTRCA, DFW MSDC, WBC-SW); no city directory. NCTRCA is a candidate regional source."
"TX","City of Houston OBO MWDBE Directory","https://houston.mwdbe.com/","portal_search_only","(B2Gnow/mwdbe.com: firm name, cert type — no ethnicity exposed)","no","(none)","(none publicly)","no","mbe_unverified","(none)","City-level (Houston). B2Gnow/mwdbe.com, search-only."
"TX","City of San Antonio SBEDA","https://data.sanantonio.gov/dataset/small-business-economic-development-advocacy","portal_search_only","(SBEDA annual report aggregate only — no firm directory)","no","(none — open data only has aggregate report)","(none — certification via regional SCTRCA portal)","no","mbe_unverified","(none)","City-level (San Antonio). Open data only has the SBEDA annual report (aggregate), not a firm directory. Certification via regional SCTRCA portal."
"US","FHWA/USDOT DBE Unified Certification Programs","https://www.transportation.gov/civil-rights/disadvantaged-business-enterprise","portal_search_only","(no national directory — ~50 separate state UCP directories)","no","(none — national page only; state UCPs handled individually)","(state-by-state DBE entries listed separately in this catalog)","no","mbe_unverified","(none)","Federal meta-entry. No national directory; ~50 separate state UCP directories (handled individually above as state DBE entries). Mostly portal-only; a few expose ethnicity (NV/CO/CA). Not a single buildable source."
"US","SBA Dynamic Small Business Search (DSBS)","https://search.certifications.sba.gov/","portal_search_only","(portal: firm name, cert flags 8(a)/SDB/WOSB/HUBZone/VOSB — no race field)","no","(none — profiles show cert flags, not ethnicity)","(none — substrate is SAM.gov; 8(a) covered by sam_8a adapter)","no","mbe_unverified","(none)","Federal. Search-only (pages of ≤500), no bulk export. 8(a) already covered by sam_8a adapter."
"UT","Utah UUCP DBE Directory (UDOT, B2Gnow)","https://udot.gob2g.com/FrontEnd/searchcertifieddirectory.asp","manual_export","Company Name, DBA Name, Physical Address, City, State, Zip, Mailing Address, Phone, Fax, Email, Website, Agency, Certification Type","no","(none — no ethnicity column in export)","(none beyond directory fields)","no","mbe_unverified","manual downloads/Utah Directory (no ethnicities available to select)_2026-06-11_943.csv","31 firms in manual export (2026-06-12). No ethnicity column ('no ethnicities available to select'). Per confirmed_black-only policy, not loaded."
"VA","Virginia SWaM & DBE Directory (SBSD)","https://directory.sbsd.virginia.gov/","manual_export","Certification Type, Certification Number, Expiration Date, DBA, Pcard, Business website, Company Name, Contact Name, Contact Phone, Contact Email, Mailing Address/City/State/Zip, Business Name, Business Fax, FED Type, Small/Micro/Women-Owned/Minority-Owned/MIL/SDV/ESO/8(a)/WOSB/DBE/ACDBE Start Dates, DBE/ACDBE Certifying Agency, Business Category, Ethnicity, Physical City/State/Zip, MWAA Certification fields, NAICS code and description, NIGP code and description","yes","Black or African American","MWAA cert section (duplicate columns); NAICS; NIGP; Pcard flag; 8(a) start date","no","confirmed_black","manual downloads/Virginia Directory Listing Export-2026-06-13-01-28-59-ET.xlsx","File captured 2026-06-13. 15,518 rows; Ethnicity col confirmed with values: Black or African American, Hispanic American, Asian American, Other, Subcontinent Asian American, Native American or American Indian/Eskimo or Aleut. File load pending. Roadmap status: blocked (GET /getApplication returns HTTP 500) — but manual export obtained. Build adapter from manual export."
"VI","US Virgin Islands UCP DBE Directory","https://dpw.vi.gov/wp-content/uploads/2024/12/NEW-DBE-Directory-12.2024.pdf","pdf","(PDF — per-firm ethnicity not confirmed)","no","(none confirmed)","(none)","no","mbe_unverified","(none)","Territory. PDF directory, no per-firm ethnicity field."
"VT","Vermont VTrans DBE Registry","https://apps.vtrans.vermont.gov/dberegistry/dberegistry.aspx","portal_search_only","(ASP.NET registry: firm name, cert type, address — per-firm race not confirmed)","no","(none confirmed)","(none publicly confirmed)","no","mbe_unverified","(none)","ASP.NET registry, report/print only, no confirmed bulk export; per-firm race not confirmed exposed."
"WA","City of Seattle WMBE","https://www.seattle.gov/purchasing-and-contracting/social-equity/women-and-minority-owned-businesses","portal_search_only","(none — relies on WA State OMWBE certification; no standalone directory)","no","(none)","(none — see wa_omwbe entry)","no","none","(none)","City-level (Seattle). Relies on WA State OMWBE certification (see wa_omwbe entry). No standalone Seattle open-data directory."
"WA","Washington State OMWBE Directory (B2Gnow)","https://omwbe.diversitycompliance.com/FrontEnd/searchcertifieddirectory.asp","portal_search_only","(portal: firm name, cert type — no ethnicity exposed)","no","(none — ethnicity collected at registration but not publicly exposed)","ethnicity field exists internally; records request to OMWBE may unlock","no","mbe_unverified","(none — no local file)","B2Gnow portal exposes only certification-type checkboxes (no ethnicity field) and no bulk export. Ethnicity collected but not public. Records request to confirm an extractable ethnicity column could upgrade to confirmed_black."
"WV","West Virginia SWAM (Purchasing Division)","https://vendor.wvsao.gov/","none","(none — certification folded into wvOASIS vendor registration; not published)","yes","African American (collected but unpublished)","Ethnicity field collected: African American/Asian/Hispanic/Native American — but roster is not public","no","confirmed_black","(none)","Certification folded into wvOASIS vendor registration; no public directory/roster. Ethnicity captured (African American/Asian/Hispanic/Native American) but unpublished. Records request only."
"WY","Wyoming WYDOT DBE Directory","https://www.dot.state.wy.us/home/contracting_and_construction/civil_rights_office/dbe_program.html","none","(none — directory 'Under Construction')","no","(none)","(none — no state MBE program)","no","none","(none)","Directory 'Under Construction'; no published list. No state MBE program. Records request only."
